species,reg,lat,lon,avg_temp_over_35,avg_max_temp,avg_min_temp,avg_sol,avg_year_sol,avg_year_vpr,cloud_cover,avg_rr,avg_vpr,avg_temp_over_35_Coll,avg_max_temp_Coll,avg_min_temp_Coll,avg_sol_Coll,avg_rr_Coll,avg_vpr_Coll
abno01,ANIC000025,-17.16667,145.65,1.8,27.12386528,17.60893116,19.55439723,19.40901236,20.74058259,26.2295357,4.528672596,20.7803091,0.8,27.1339697,17.60947475,19.28518182,5.1,20.82612727
abno02,ANIC000031,-17.25,145.6333,0.9,26.23151845,16.61213109,19.69544631,19.56071968,19.5352384,25.60097166,4.091007905,19.58178726,0,26.18516129,16.67144673,19.70678397,4.293890518,19.70466127
ambl01,PicXB64840,-33.725492,151.079714,5.2,23.34758431,12.35568182,15.838761,15.84255662,14.28000703,20.59494035,2.481928152,14.26599725,2.1,23.273739,12.66940616,15.56027859,3.155718475,14.63522617
ambl02,PicXB64844,-33.799907,151.181995,4.2,23.22899194,13.12540689,15.88468842,15.85384831,14.585545,20.30454975,2.73702346,14.56711949,1,22.83583333,13.21141667,15.56749242,4.577954545,14.52940303
anom01,PicXB54397,-12.3568,130.8748,42,33.36672266,23.05692688,21.29512516,21.41576157,24.87837499,20.18111774,4.312384717,24.65334553,13.2,33.42107071,23.09894949,21.57079798,3.619191919,25.0300303
anom02,anom02,-19.233,146.09,6.6,27.68736907,17.36603261,20.16295949,20.28571864,18.65685807,19.89694106,2.210227273,18.9323478,1.6,27.6716129,17.6673827,19.70187683,2.464002933,19.24012206
anom03,ANIC057768,-12.3524,130.876,42,33.36672266,23.05692688,21.29512516,21.41576157,24.87837499,20.18343132,4.312384717,24.65334553,13.2,33.42107071,23.09894949,21.57079798,3.619191919,25.0300303
atki01,PicXB33952,-16.41,145.2,0,23.77482009,15.64900487,19.29774925,19.35998569,18.254845,26.75575318,7.159426537,18.33636572,0,23.64833578,15.58777126,19.42964809,6.059897361,18.23400733
atki02,PicXB33969,-16.41,145.2,0,23.77482009,15.64900487,19.29774925,19.35998569,18.254845,26.75575318,7.159426537,18.33636572,0,23.64833578,15.58777126,19.42964809,6.059897361,18.23400733
atki03,atki03,-16.47,145.22,0,24.33122001,15.93417166,19.78773051,19.82907541,18.64237376,24.9400863,6.497526237,18.72137434,0,24.4785303,15.89881061,19.53648485,6.929166667,18.75764735
atki04,atki04,-15.03,145.09,4.1,29.59136057,22.26880435,19.93378748,19.98811847,24.03102863,23.54911348,4.641435532,24.06285484,1.7,29.63162023,22.19676686,20.08316716,3.924120235,23.87011877
aurs01,ANIC000244,-17.05,145.8333,4.2,29.22247036,21.20803854,19.9156917,19.98708935,23.679882,22.78850669,8.073764822,23.83902077,2.2,29.1478739,21.16992669,20.05760264,6.850659824,23.60624157
aurs02,ANIC000205,-17.05,145.8333,4.2,29.22247036,21.20803854,19.9156917,19.98708935,23.679882,22.78850669,8.073764822,23.83902077,2.2,29.1478739,21.16992669,20.05760264,6.850659824,23.60624157
aurs03,ANIC000260,-16.88333333,145.6833333,3.4,28.97143281,20.35133399,19.36123518,19.5321217,22.84742292,24.32594275,6.394738142,22.99324468,0.8,29.01460411,20.50027126,19.28676686,7.838343109,23.20342096
aurs04,ANIC000261,-16.88333333,145.6833333,3.4,28.97143281,20.35133399,19.36123518,19.5321217,22.84742292,24.32594275,6.394738142,22.99324468,0.8,29.01460411,20.50027126,19.28676686,7.838343109,23.20342096
boid01,ANIC000331,-16.61667,145.2,1.9,27.99695368,18.43315962,20.81761329,20.78901817,20.83046297,21.03376992,2.891062437,20.95371321,1.2,27.87622434,18.32234604,20.90848974,2.19068915,20.75542889
boid02,ANIC000339,-17.05,145.8,4.9,29.55938066,21.1945997,19.79791037,19.70790443,23.32406351,23.89081493,7.142396777,23.50278289,1.9,29.5941129,21.33717742,19.70045455,8.739882698,23.70052757
boid03,ANIC000366,-16.91667,145.7667,2.9,29.60134273,21.07963411,19.54423632,19.53453957,23.73728948,24.55399976,6.071802618,23.49907443,1.8,29.72624633,20.86924731,20.13031281,4.842033236,23.07187048
boid04,ANIC000326,-17,145.4333,5.4,28.92108258,17.81956361,20.56410708,20.35992617,20.36820233,22.32507501,2.380983552,20.32964373,1.4,28.93294444,17.85296465,20.2830101,2.710454545,20.47223182
boid05,ANIC000344,-23.71667,150.7,6,28.18802367,17.78795317,19.43835851,19.50563278,18.3067682,18.28466803,2.427240685,18.48795514,1.5,28.14678886,17.97541789,18.95568182,3.661070381,18.86807647
brev01,ANIC000559,-13.81667042,131.8333282,153.2,34.0370259,20.3189174,22.07980205,22.08869649,20.64974054,17.2315533,3.337903226,20.38677603,51.5,34.12906158,20.13131965,22.13282258,3.402785924,19.92801906
brev02,ANIC000558,-13.81667042,131.8333282,153.2,34.0370259,20.3189174,22.07980205,22.08869649,20.64974054,17.2315533,3.337903226,20.38677603,51.5,34.12906158,20.13131965,22.13282258,3.402785924,19.92801906
brun01,ANIC000610,-32.96666667,150.6666667,13.7,23.74803886,10.4429912,15.96289956,16.07792496,13.50783548,21.36862033,1.800219941,13.5055659,6.7,23.91233138,10.73440616,15.83611437,1.65329912,13.79991826
brun02,ANIC000611,-32.96666667,150.6666667,13.7,23.74803886,10.4429912,15.96289956,16.07792496,13.50783548,21.36862033,1.800219941,13.5055659,6.7,23.91233138,10.73440616,15.83611437,1.65329912,13.79991826
brun03,ANIC000612,-32.96666667,150.6666667,13.7,23.74803886,10.4429912,15.96289956,16.07792496,13.50783548,21.36862033,1.800219941,13.5055659,6.7,23.91233138,10.73440616,15.83611437,1.65329912,13.79991826
brun04,ANIC000613,-33.38333333,150.9833333,10.1,23.88563783,11.82246701,15.72436217,15.85836424,14.46710291,21.03380316,2.320564516,14.45732159,5.1,23.7563783,11.55631232,15.92788856,2.216348974,14.17703346
brun05,ANIC000616,-32.96666667,150.6666667,13.7,23.74803886,10.4429912,15.96289956,16.07792496,13.50783548,21.36862033,1.800219941,13.5055659,6.7,23.91233138,10.73440616,15.83611437,1.65329912,13.79991826
brun06,ANIC000617,-32.96666667,150.6666667,13.7,23.74803886,10.4429912,15.96289956,16.07792496,13.50783548,21.36862033,1.800219941,13.5055659,6.7,23.91233138,10.73440616,15.83611437,1.65329912,13.79991826
brun07,ANIC000639,-33.25,150.6667,11.7,22.45955279,10.02075513,15.62246823,15.82285839,13.04778029,22.30663451,2.291397849,12.91818331,3.9,22.21260606,10.33465152,15.10162626,2.730505051,13.16230101
brun08,ANIC000640,-31.4,152.1167,1.7,21.36102273,9.619109238,16.20274927,16.23480027,13.27092326,24.54950583,3.08643695,13.25749872,0.9,21.15196141,9.574067524,16.3472508,2.585289389,13.12069051
brun09,ANIC000641,-28.76667,151.85,4.8,22.27853861,9.254376833,18.34217253,18.4423262,12.63158769,19.37112468,1.986803519,12.73573397,3.4,22.42545455,9.24315738,18.49478495,1.914125122,12.59869453
brun10,ANIC000644,-28.76667,151.85,4.8,22.27853861,9.254376833,18.34217253,18.4423262,12.63158769,19.37112468,1.986803519,12.73573397,0.8,21.92123232,9.20380303,18.09390404,2.421161616,12.87924293
brun11,ANIC000645,-28.76667,151.85,4.8,22.27853861,9.254376833,18.34217253,18.4423262,12.63158769,19.37112468,1.986803519,12.73573397,0.8,21.92123232,9.20380303,18.09390404,2.421161616,12.87924293
brun12,ANIC000650,-31.45,152.7333333,1.5,23.6443585,12.53267595,16.7195088,16.77196055,16.17926537,21.01958798,3.072653959,16.18024541,0.8,23.83217742,12.51532258,16.95638563,2.649926686,16.31382515
clor01,ANIC000913,-30.6,151.55,3,20.48802532,7.29345616,17.84074074,17.98647461,11.26862615,18.6339646,1.890306122,11.36751409,1.4,20.78181085,7.39106305,18.41784457,1.315615836,11.31216202
clor02,ANIC000915,-30.6,151.55,3,20.48802532,7.29345616,17.84074074,17.98647461,11.26862615,18.6339646,1.890306122,11.36751409,1.4,20.78181085,7.39106305,18.41784457,1.315615836,11.31216202
clor03,ANIC000919,-30.51667023,151.6667023,2.7,20.6132842,7.673594104,17.84636999,17.96731458,11.49413863,18.71734634,1.88590325,11.59555361,1.2,20.94796921,7.781048387,18.31721408,1.393695015,11.54729399
clor04,ANIC000859,-35.4,149.1,16.3,20.7073419,6.820967498,17.04865205,16.76894475,10.5294125,15.3140138,1.358629378,10.32203568,2.7,20.53528837,6.799677419,16.98880743,1.238025415,10.37455098
clor06,ANIC000868,-28.76667,151.85,6.6,22.16851096,9.151140086,18.4543487,18.4423262,12.63158769,19.37112468,1.890929705,12.6349207,0.8,21.92123232,9.20380303,18.09390404,2.421161616,12.87924293
clor07,ANIC000869,-28.76667,151.85,6.6,22.16851096,9.151140086,18.4543487,18.4423262,12.63158769,19.37112468,1.890929705,12.6349207,0.8,21.92123232,9.20380303,18.09390404,2.421161616,12.87924293
clor08,ANIC000870,-28.76667,151.85,6.6,22.16851096,9.151140086,18.4543487,18.4423262,12.63158769,19.37112468,1.890929705,12.6349207,0.8,21.92123232,9.20380303,18.09390404,2.421161616,12.87924293
clor09,ANIC000871,-28.76667,151.85,6.6,22.16851096,9.151140086,18.4543487,18.4423262,12.63158769,19.37112468,1.890929705,12.6349207,0.8,21.92123232,9.20380303,18.09390404,2.421161616,12.87924293
clor10,ANIC000874,-28.76667,151.85,6.6,22.16851096,9.151140086,18.4543487,18.4423262,12.63158769,19.37112468,1.890929705,12.6349207,0.8,21.92123232,9.20380303,18.09390404,2.421161616,12.87924293
clor11,ANIC000963,-37.95,147.1167,20.4,20.96669564,8.74718191,15.20355127,15.01661191,12.33011549,17.6493003,1.53159486,12.20561731,5.3,20.79029814,8.855498534,14.88663734,1.383088954,12.13111657
clor12,ANIC000964,-37.95,147.1167,20.4,20.96669564,8.74718191,15.20355127,15.01661191,12.33011549,17.6493003,1.53159486,12.20561731,5.3,20.79029814,8.855498534,14.88663734,1.383088954,12.13111657
clor13,ANIC000965,-37.95,147.1167,20.4,20.96669564,8.74718191,15.20355127,15.01661191,12.33011549,17.6493003,1.53159486,12.20561731,5.3,20.79029814,8.855498534,14.88663734,1.383088954,12.13111657
clor14,ANIC002571,-28.76667,151.85,6.6,22.16851096,9.151140086,18.4543487,18.4423262,12.63158769,19.37112468,1.890929705,12.6349207,1.4,22.13162268,9.265596285,18.18956012,2.059481916,12.87317647
clor15,ANIC002572,-28.55,151.8333,5.8,22.1492328,9.701097884,18.45325208,18.61613676,12.34211632,18.3457983,2.079138322,12.51922334,0.5,22.00783724,9.964244868,18.12179619,2.582331378,12.67599265
clor16,ANIC002575,-28.55,151.8333,5.8,22.1492328,9.701097884,18.45325208,18.61613676,12.34211632,18.3457983,2.079138322,12.51922334,0.5,22.00783724,9.964244868,18.12179619,2.582331378,12.67599265
clor17,ANIC000962,-30.6,151.55,3,20.48802532,7.29345616,17.84074074,17.98647461,11.26862615,18.6339646,1.890306122,11.36751409,1.4,20.78181085,7.39106305,18.41784457,1.315615836,11.31216202
conc01,ANIC002674,-32.13334,151.45,7.3,21.10209184,10.208322,15.84998488,15.91435353,11.72930626,25.47743899,3.005498866,11.79596426,1.9,21.23504399,10.26229472,15.86825513,2.927052786,11.93377053
conc02,ANIC002675,-32.13334,151.45,7.3,21.10209184,10.208322,15.84998488,15.91435353,11.72930626,25.47743899,3.005498866,11.79596426,1.9,21.23504399,10.26229472,15.86825513,2.927052786,11.93377053
conc03,ANIC002676,-32.13334,151.45,7.3,21.10209184,10.208322,15.84998488,15.91435353,11.72930626,25.47743899,3.005498866,11.79596426,1.9,21.23504399,10.26229472,15.86825513,2.927052786,11.93377053
conc04,ANIC002682,-30.38333333,153.0333333,3.1,24.5947997,13.77317649,16.60356765,16.75770533,16.43412108,22.24142095,4.003779289,16.51956269,0.8,24.45104839,13.80017595,16.12113636,4.42829912,16.47991618
conc05,ANIC002611,-28.33333015,153.3333282,5.5,26.17265873,14.27706349,16.9864229,17.14989236,17.61710384,24.17945587,4.495861678,17.76952808,0.4,26.37330303,14.3467197,16.79002273,7.014090909,18.15851818
conc06,ANIC002612,-32.16667,151.5,11.1,21.66649282,11.21662887,15.82370748,16.17801145,13.12486034,22.57023075,3.457558579,13.3637553,4.1,22.55881029,11.49918006,16.24747588,3.323633441,13.84125482
ecry01,PicXB13671,-35.029048,117.883783,0.8,20.13507331,11.88818182,16.71653959,15.76777626,13.39165397,20.25694781,2.387536657,13.15460117,0.8,20.13507331,11.88818182,16.71653959,2.387536657,13.15460117
ecry02,PicXB44101,-35.029048,117.883783,0.8,20.13507331,11.88818182,16.71653959,15.76777626,13.39165397,20.25694781,2.387536657,13.15460117,0.8,20.13507331,11.88818182,16.71653959,2.387536657,13.15460117
ecry03,PicXB4410,-35.029048,117.883783,0.8,20.13507331,11.88818182,16.71653959,15.76777626,13.39165397,20.25694781,2.387536657,13.15460117,0.8,20.13507331,11.88818182,16.71653959,2.387536657,13.15460117
ecry04,ecry04,-34.96,117.86,1.2,20.43091642,11.72944282,15.78946481,15.74195993,13.29308657,19.70582049,2.255278592,13.09933431,1.2,20.43091642,11.72944282,15.78946481,2.255278592,13.09933431
ecry05,ecry05,-34.96,117.86,1.2,20.43091642,11.72944282,15.78946481,15.74195993,13.29308657,19.70582049,2.255278592,13.09933431,1.2,20.43091642,11.72944282,15.78946481,2.255278592,13.09933431
fchi01,PicXB13643,-11.45,142.35,28.7,31.04897901,23.0055922,19.80796197,19.98122407,26.37903525,25.97298277,5.230461478,26.4545564,4.5,31.14403226,22.97874389,20.00587488,4.208699902,26.18794184
fchi02,PicXB33972,-11.45,142.35,28.7,31.04897901,23.0055922,19.80796197,19.98122407,26.37903525,25.97298277,5.230461478,26.4545564,4.5,31.14403226,22.97874389,20.00587488,4.208699902,26.18794184
fchi03,fchi03,-11.39,142.27,6.4,30.94042632,23.25686275,20.34627897,20.0300112,26.6216624,25.50122142,4.729307784,26.52907969,0.5,30.90409091,23.12654692,19.96054985,5.256231672,26.56666239
fchi04,fchi04,-11.39,142.27,6.4,30.94042632,23.25686275,20.34627897,20.0300112,26.6216624,25.50122142,4.729307784,26.52907969,1.3,30.96156818,23.25611364,20.56802273,4.313409091,26.29753788
gray01,PicXB34007,-12.19,133.19,248.1,33.70821945,22.85973192,21.48662968,21.66122076,24.00316405,19.66273221,4.063902743,24.11135616,40.1,33.73957576,22.89289394,21.41784848,4.12719697,23.84657879
gray02,PicXB34011,-17.400166,123.732457,468.9,35.3951197,21.53938279,22.0915798,22.21873507,20.18384236,14.06955996,2.383852868,20.36991598,71.7,35.2574697,21.50139394,21.77809091,2.776893939,20.43987652
gray03,PicXB13638,-14.31,132.22,353.8,34.38825312,20.19046509,22.26062594,22.38779803,20.29958262,16.00195,3.224501247,20.28832735,65,34.21452346,20.48233138,21.87139296,5.499046921,20.90489191
gray04,gray04,-18.96,144.987,31.9,29.89466958,17.44149252,20.64880798,20.77749564,17.84766383,18.12077993,1.817269327,17.98082267,5.5,29.96250758,17.41179545,20.88391667,2.001212121,18.08627841
gray05,gray05,-17.69,123.6,473.9,35.45276808,21.3551808,22.19225686,22.29957566,19.81187376,-1.752236606,2.291259352,19.9993397,72.2,35.33187879,21.32266667,21.85998485,3.033257576,20.0553947
hirs01,ANIC002925,-35.38334,149.0833,7.5,20.48729839,7.040766129,16.85731672,16.77332193,10.55677782,14.97744286,1.55058651,10.44691758,3,20.23557918,6.612624633,17.21054985,1.6021261,10.17342463
hirs02,ANIC002929,-34.58333,149.5667,7.4,19.65322947,6.524923021,16.85448314,16.7297841,10.61800694,17.36934042,1.567155425,10.51903377,3.1,19.40840176,6.09627566,16.99222874,1.915542522,10.25127904
hirs03,ANIC002943,-33.25,150.6667,11.7,22.45955279,10.02075513,15.62246823,15.82285839,13.04778029,22.30663451,2.291397849,12.91818331,3.9,22.21260606,10.33465152,15.10162626,2.730505051,13.16230101
hirs04,ANIC002974,-31.05,151.7666667,0.7,19.9963563,7.239105572,17.41559751,17.42063589,12.25577913,20.94517901,1.996627566,12.26213142,0.1,19.76975073,7.190168622,17.13329179,2.392155425,12.2202136
hirs05,ANIC002975,-31.05,151.7666667,0.7,19.9963563,7.239105572,17.41559751,17.42063589,12.25577913,20.94517901,1.996627566,12.26213142,0.1,19.76975073,7.190168622,17.13329179,2.392155425,12.2202136
hirs06,ANIC002976,-31.05,151.7666667,0.7,19.9963563,7.239105572,17.41559751,17.42063589,12.25577913,20.94517901,1.996627566,12.26213142,0.1,19.76975073,7.190168622,17.13329179,2.392155425,12.2202136
hirs07,ANIC002978,-28.76667,151.85,4.8,22.27853861,9.254376833,18.34217253,18.4423262,12.63158769,19.37112468,1.986803519,12.73573397,0.8,21.92123232,9.20380303,18.09390404,2.421161616,12.87924293
hirs08,ANIC002981,-28.76667,151.85,4.8,22.27853861,9.254376833,18.34217253,18.4423262,12.63158769,19.37112468,1.986803519,12.73573397,0.8,21.92123232,9.20380303,18.09390404,2.421161616,12.87924293
hirs09,ANIC002982,-30.51667,151.65,1.9,20.43540811,7.367111437,18.03605816,18.00184628,11.42992934,19.08510307,1.582966764,11.52642254,1.9,20.4477175,7.419100684,18.05039589,1.426979472,11.48367595
hirs10,ANIC002986,-31.05,151.7666667,0.7,19.9963563,7.239105572,17.41559751,17.42063589,12.25577913,20.94517901,1.996627566,12.26213142,0.1,19.76975073,7.190168622,17.13329179,2.392155425,12.2202136
hirs11,ANIC003184,-36.98333,146.1667,7.4,19.54006232,6.930865103,16.48190616,16.19396964,10.85758237,15.33629153,2.159457478,10.69543539,5.7,19.2762701,7.204590032,15.37455788,3.35659164,10.94831873
hirs12,ANIC003186,-36.98333,146.1667,7.4,19.54006232,6.930865103,16.48190616,16.19396964,10.85758237,15.33629153,2.159457478,10.69543539,5.7,19.2762701,7.204590032,15.37455788,3.35659164,10.94831873
hirs13,ANIC003193,-36.98333,146.1667,7.4,19.54006232,6.930865103,16.48190616,16.19396964,10.85758237,15.33629153,2.159457478,10.69543539,5.7,19.2762701,7.204590032,15.37455788,3.35659164,10.94831873
hirs14,ANIC003197,-35.48333,148.7833,2.1,17.68941716,4.813387097,16.63846774,16.38796852,9.268140497,17.85033773,2.488782991,9.13648917,0.4,17.43118768,4.375549853,16.84403226,2.613416422,8.891259926
hirs15,ANIC002916,-30.4,152.35,0,18.06699658,7.326070381,16.71207234,16.92167911,11.6812193,23.5286233,3.395136852,11.76446721,0,17.93079179,7.391705767,16.44262952,3.635630499,11.86813137
hirs16,ANIC002917,-34.58333,149.5667,7.4,19.65322947,6.524923021,16.85448314,16.7297841,10.61800694,17.36934042,1.567155425,10.51903377,3.1,19.40840176,6.09627566,16.99222874,1.915542522,10.25127904
lats01,PicXB44110,-18.860353,145.906723,2.5,26.10228372,16.81329912,19.65868035,19.6242938,19.00535518,23.01034217,2.959860704,19.07270766,0.5,26.1041129,16.95384164,19.90791789,2.046847507,18.90251686
lats02,PicXB44113,-17.03,145.46,5.3,28.6793915,17.8742412,20.32218842,20.37511075,20.43295821,22.01397743,2.35813783,20.47936932,2.4,28.5777566,17.83046188,20.39675953,1.968768328,20.2980088
lats03,PicXB44116,-17.912829,145.911707,3.8,28.36109238,19.79958211,18.37432918,18.59362618,22.60259864,26.6188897,7.817558651,22.61115872,1.8,28.43359238,19.5920088,19.03337243,8.491935484,22.4892335
lats04,lats04,-17.03,145.46,5.3,28.6793915,17.8742412,20.32218842,20.37511075,20.43295821,22.01397743,2.35813783,20.47936932,2.4,28.5777566,17.83046188,20.39675953,1.968768328,20.2980088
lats05,lats05,-17.81,145.59,2,25.2884824,16.37143328,18.8373717,19.003806,20.24622318,26.24447397,4.812536657,20.28235759,0.2,25.15157625,16.48228006,18.8229912,4.310337243,20.1701426
macl01,ANIC003232,-23.96667,133.1667,133.5,29.23996221,13.18864701,21.3185034,21.41084433,8.902557692,1.349283591,1.122373394,8.870581694,27,28.5938746,13.04909968,21.14528135,1.946382637,9.250953376
macl02,ANIC003227,-23.75,133.95,216.4,29.46925548,13.00557319,21.14882464,21.4803447,8.959910547,0.3936774,1.267208365,8.953971319,45.5,29.07294748,12.84392283,21.09752947,2.110289389,9.255065648
macl03,ANIC003228,-23.75,133.95,216.4,29.46925548,13.00557319,21.14882464,21.4803447,8.959910547,0.3936774,1.267208365,8.953971319,45.5,29.07294748,12.84392283,21.09752947,2.110289389,9.255065648
macl04,ANIC003229,-23.96667,133.1667,133.5,29.23996221,13.18864701,21.3185034,21.41084433,8.902557692,1.349283591,1.122373394,8.870581694,27,28.5938746,13.04909968,21.14528135,1.946382637,9.250953376
macl05,ANIC003230,-23.75,133.95,216.4,29.46925548,13.00557319,21.14882464,21.4803447,8.959910547,0.3936774,1.267208365,8.953971319,45.5,29.07294748,12.84392283,21.09752947,2.110289389,9.255065648
macl06,ANIC003250,-23.01667,132.7,168.6,30.74623961,14.79395881,21.50531179,21.57872013,10.40140204,1.030231243,1.244368859,10.45210287,42.8,31.12004545,14.88323485,21.69584091,0.576893939,10.31891136
macl07,ANIC003251,-23.63332939,133.8666992,127,29.03431406,12.74269085,21.33561602,21.46462295,8.650982232,1.846805914,1.098639456,8.653348147,25.1,28.33442122,12.61155949,21.09417203,1.907234727,9.055712621
mcla01,ANIC003299,-26.36666667,119.8166667,43.6,30.54182551,15.34184018,20.99837243,20.80677389,10.83896372,-0.433167447,0.469134897,10.4476327,43.6,30.54182551,15.34184018,20.99837243,0.469134897,10.4476327
mcla02,ANIC003303,-22.78333092,117.7833023,56.4,32.47757331,18.07851906,21.74732405,21.58514933,9.866265963,1.984243992,0.987463343,9.666775293,45.9,32.22804662,17.97754019,21.18733119,1.325482315,10.18671664
mcla03,ANIC005833,-22.11667,133.4167,52.7,31.27538856,15.73256598,21.56890029,21.77273581,10.79831883,1.094148622,1.704472141,11.01035667,41.9,30.9472434,15.38633431,21.67610704,1.083797654,10.65707684
meli01,ANIC002784,-17.05,145.8333,3.5,29.2027346,21.26127933,20.00455279,19.98708935,23.679882,22.78850669,8.17994868,23.83323146,2.2,29.1478739,21.16992669,20.05760264,6.850659824,23.60624157
meli02,ANIC002785,-17.05,145.8333,3.5,29.2027346,21.26127933,20.00455279,19.98708935,23.679882,22.78850669,8.17994868,23.83323146,2.2,29.1478739,21.16992669,20.05760264,6.850659824,23.60624157
meli03,ANIC002791,-17.05,145.8333,3.5,29.2027346,21.26127933,20.00455279,19.98708935,23.679882,22.78850669,8.17994868,23.83323146,2.2,29.1478739,21.16992669,20.05760264,6.850659824,23.60624157
meli04,ANIC002795,-17.05,145.8333,3.5,29.2027346,21.26127933,20.00455279,19.98708935,23.679882,22.78850669,8.17994868,23.83323146,2.2,29.1478739,21.16992669,20.05760264,6.850659824,23.60624157
meli05,ANIC002796,-18.98332977,146.1499939,0.4,25.38874267,16.6769978,19.40227639,19.44337917,18.37532633,23.4604777,3.816092375,18.58827331,0.4,25.3322654,16.57233138,19.70274927,3.227419355,18.25567999
mima01,PicXB65085,-18.59,146.09,2.2,28.52021261,19.78671921,19.12195748,19.16997387,22.30081541,23.67620743,5.116422287,22.47936032,1.6,28.46808651,19.74271261,19.40361437,4.007258065,22.17489076
mima02,PicXB65088,-18.59,146.09,2.2,28.52021261,19.78671921,19.12195748,19.16997387,22.30081541,23.67620743,5.116422287,22.47936032,1.6,28.46808651,19.74271261,19.40361437,4.007258065,22.17489076
mont01,ANIC005349,-27.93333,152.9333,9.2,26.80318983,13.49127392,17.85299094,18.15625373,16.37269452,19.70153457,2.425881168,16.48703201,2,26.69066716,13.76857771,17.15854106,3.526759531,16.84839228
mont02,ANIC005261,-35.58333,147.3667,21.3,21.69406596,8.867897784,16.96929758,16.94515617,10.97565736,13.49716893,1.838494461,10.91776512,7.6,22.12160557,9.129501466,16.96994868,1.503445748,11.09668512
mont03,ANIC005307,-34.6,148.5667,23.8,22.00903323,7.941339376,17.51808157,17.23696242,11.34833788,13.42962695,1.610674723,11.41962727,9.1,21.82340176,8.177463343,17.03312317,1.624340176,11.50250733
mont04,ANIC005279,-34.55,148.3,35.9,22.50110943,7.443011078,17.3935381,17.40219305,11.54478815,12.75690752,1.723581739,11.48159215,14.1,22.47847019,7.330562072,17.24021994,1.688074291,11.37285704
mont05,ANIC005389,-34.56667,138.85,50.3,22.95361866,10.35585599,17.19810339,17.04651817,11.41940785,14.74688032,1.215693186,11.37348807,12.8,22.63369501,10.23175464,17.39057674,1.13514174,11.36631818
mont06,ANIC005266,-36.38334,146.2833,30.2,22.64032729,8.398288016,16.72061682,16.7628951,11.42625775,12.38123111,1.46805136,11.39369279,11.9,23.03145894,8.6521261,16.69566716,1.215615836,11.55931598
mult01,ANIC005406,-26.03333,153.05,0.6,26.12520161,17.18980205,18.03091642,18.53945495,19.00985689,20.26072134,4.272067449,19.4331775,0.2,26.12186217,17.08217742,18.37319648,3.985190616,19.40473534
mult02,ANIC005409,-26.65,153.1,2.3,26.06676442,16.08506354,18.46128055,18.3709781,18.57985802,20.90419668,3.842473118,18.34048874,0.3,25.91266862,16.16713587,18.17742913,3.978396872,18.55527794
mult03,ANIC005407,-26.03333,153.05,0.6,26.12520161,17.18980205,18.03091642,18.53945495,19.00985689,20.26072134,4.272067449,19.4331775,0.2,26.12186217,17.08217742,18.37319648,3.985190616,19.40473534
narm01,ANIC005476,-31.13333,138.5667,56.2,25.54221232,11.62047862,19.3917057,19.41731956,9.156256939,7.564108134,0.891446029,9.085921461,15.1,25.47384164,11.83641496,19.20767595,0.748753666,9.572558651
narm02,ANIC005478,-31.33333333,138.6166667,54.8,25.47082994,11.57242108,19.28030295,19.31033474,9.230939071,7.673912728,0.88910387,9.148051044,15.5,25.11437121,11.42612121,19.57065152,0.903787879,9.034539015
narm03,ANIC005479,-31.33333333,138.6,86.9,25.40587916,11.46340971,19.48875764,19.33410984,9.080628993,7.759350313,0.852291242,9.04586295,28.7,25.30041919,11.43933838,19.82556566,0.828131313,8.891009343
narm04,ANIC005462,-32.4177,137.978,44.7,24.36388238,10.39805754,18.47790479,18.63019537,9.732636202,7.984746104,1.166369654,9.602364944,17.5,25.01417889,10.52302053,18.85271994,0.931744868,9.467593475
narm05,ANIC005463,-32.4177,137.978,44.7,24.36388238,10.39805754,18.47790479,18.63019537,9.732636202,7.984746104,1.166369654,9.602364944,17.5,25.01417889,10.52302053,18.85271994,0.931744868,9.467593475
neba01,ANIC005623,-15.95,136.3667,112.6,33.94936662,21.07270492,22.2489456,21.90722748,20.96403255,15.79729146,2.701080477,20.40621535,57.4,34.01471212,21.25423485,22.01531061,3.465984848,21.16902273
neba02,ANIC005624,-15.95,136.3667,112.6,33.94936662,21.07270492,22.2489456,21.90722748,20.96403255,15.79729146,2.701080477,20.40621535,57.4,34.01471212,21.25423485,22.01531061,3.465984848,21.16902273
nebn01,ANIC005538,-15.1,145.25,2.3,29.75007411,22.7173666,21.35853755,20.92733201,25.11729412,19.53066216,5.821245059,25.25519615,0.2,29.59944282,22.68828446,20.85881232,7.659824047,25.28416276
nebn02,ANIC005535,-15.1,145.25,2.3,29.75007411,22.7173666,21.35853755,20.92733201,25.11729412,19.53066216,5.821245059,25.25519615,0.2,29.59944282,22.68828446,20.85881232,7.659824047,25.28416276
nebn03,ANIC005585,-23.55,149.65,84.1,30.01530632,16.66438735,19.66934618,19.90261656,17.23317974,17.2151939,2.302124506,17.44928541,23.1,29.92281036,16.87630987,19.70038123,1.852297165,17.78430637
neus01,ANIC000073,-17.76666667,145.5833333,1.2,26.40970674,17.26857038,18.59987903,18.7587612,20.28439697,27.22240811,5.580205279,20.47761619,0.7,26.29194282,17.20557918,18.52841642,4.423460411,20.20651026
neus02,ANIC000105,-18.98332977,146.1499939,0.4,25.38874267,16.6769978,19.40227639,19.44337917,18.37532633,23.4604777,3.816092375,18.58827331,0.4,25.3322654,16.57233138,19.70274927,3.227419355,18.25567999
oliv01,ANIC005962,-30.38333333,153.0333333,2.6,24.54105992,13.70452165,16.66169688,16.75770533,16.43412108,22.24142095,3.835850957,16.46046585,1.8,24.46757235,13.65262862,16.76336013,3.241961415,16.33294132
oliv02,ANIC005963,-30.38333333,153.0333333,2.6,24.54105992,13.70452165,16.66169688,16.75770533,16.43412108,22.24142095,3.835850957,16.46046585,1.8,24.46757235,13.65262862,16.76336013,3.241961415,16.33294132
opal01,PicXB13659,-31.896008,116.001395,11.1,25.54832111,12.48818182,19.14321114,18.9233829,13.11722255,8.511376703,1.583357771,12.90927463,11.1,25.54832111,12.48818182,19.14321114,1.583357771,12.90927463
opal02,PicXB44124,-31.953461,115.838221,7.1,24.40549853,13.76503666,19.30041056,19.09355463,13.74064582,6.964944864,1.649926686,13.50454191,7.1,24.40549853,13.76503666,19.30041056,1.649926686,13.50454191
opal03,opal03,-31.75,116.09,24.9,25.29272239,12.48244868,18.94745357,18.86704704,12.94627002,9.205731402,2.080498534,12.95911912,24.9,25.29272239,12.48244868,18.94745357,2.080498534,12.95911912
pali01,ANIC008588,-35.3,149.1333333,13.4,20.70575264,7.173302042,16.72053689,16.83269288,10.5651738,14.89002715,1.717045455,10.45579113,5.9,20.72167155,7.132512219,16.49702835,2.038123167,10.34916056
pali02,ANIC008590,-35.26667023,149.1000061,13,20.80041255,7.414150198,16.90591897,16.84208064,10.58788757,14.76908366,1.540266798,10.53748417,5.6,21.1361437,7.738914956,16.60263196,1.319648094,10.75167852
pali03,ANIC008525,-31.51667,146.1,98.4,26.25624012,12.39536726,19.0502141,19.08132695,10.44327263,9.03109513,1.060655468,10.48183622,33.8,26.28018084,12.35660313,19.03859726,1.062218964,10.43593995
pali04,ANIC008529,-34.58333206,142.7666626,51.4,25.1891082,10.41763834,18.40224802,18.01300647,10.61170027,9.240548339,0.614896245,10.2810429,14.3,25.23972141,10.7897434,18.03682551,0.753445748,10.76187867
pali05,ANIC008530,-34.58333206,142.7666626,51.4,25.1891082,10.41763834,18.40224802,18.01300647,10.61170027,9.240548339,0.614896245,10.2810429,14.3,25.23972141,10.7897434,18.03682551,0.753445748,10.76187867
pali06,ANIC008532,-24.86667061,152.3500061,0,27.55187253,17.3699086,19.53802372,19.72881658,18.47387954,15.74095019,3.178952569,18.85175927,0,27.59447727,17.39943182,19.51365909,2.733636364,18.93675455
pali07,ANIC008533,-27.31666667,153,2.6,25.47733202,15.40192194,17.53288538,18.1692658,17.18919361,20.29259118,3.143478261,16.90938452,0.8,25.56222874,15.32699413,17.7064956,3.079032258,16.86470308
pali08,ANIC006061,-35.26667023,149.1000061,13,20.80041255,7.414150198,16.90591897,16.84208064,10.58788757,14.76908366,1.540266798,10.53748417,5.6,21.1361437,7.738914956,16.60263196,1.319648094,10.75167852
pali09,ANIC006062,-35.273,149.098,12.4,20.74683053,7.563987154,16.9270331,16.84849303,10.60777461,14.75823587,1.592094862,10.55753907,6.8,20.54654341,7.76585209,16.43502412,2.029662379,10.633166
pczo01,PicXB44091,-30.360885,152.733813,0.3,22.03791422,10.04312317,16.39885264,16.463139,14.28608984,24.51989079,3.951869501,14.34644548,0.2,21.90188416,10.0191349,15.84121701,4.338269795,14.33537059
pczo02,PicXB44094,-30.47841,152.660613,3.7,24.72652859,11.7128739,16.25118035,16.37946802,15.31183778,25.24120191,3.477639296,15.37650275,1.3,24.54455279,11.72054252,15.73333578,3.764296188,15.32366507
pczo03,PicXB44097,-30.47841,152.660613,3.7,24.72652859,11.7128739,16.25118035,16.37946802,15.31183778,25.24120191,3.477639296,15.37650275,1.3,24.54455279,11.72054252,15.73333578,3.764296188,15.32366507
pczo05,pczo05,-29.28,152.21,4.5,23.90547654,9.891697214,16.93417522,17.07124813,13.87467205,23.88084648,2.438269795,13.97890694,0.9,23.69730938,10.0495088,16.43980938,2.711143695,14.04649118
pczp01,PicXB64860,-33.28,150.13,5.3,19.18701087,7.412613636,16.19434042,16.34125,11.35503771,21.16868893,2.237425889,11.38645821,1.8,19.0035044,7.016825513,16.25057185,2.173826979,11.07248897
pczp02,PicXB64864,-33.3,150.23,3.9,18.74298748,7.429275362,15.83724967,16.15335241,11.2083764,22.00469376,2.410424901,11.15077061,1.3,18.94833333,7.254951768,16.56002144,1.853858521,11.06114952
pczp03,PicXB64868,-34.4,150.04,7.6,19.92468379,7.757401186,15.94840909,16.14492658,11.50523892,19.73612796,1.944812253,11.44121019,2.9,19.88994135,7.612419355,15.92998534,1.78973607,11.29718456
pczp04,PicXB64871,-34.4,150.04,7.6,19.92468379,7.757401186,15.94840909,16.14492658,11.50523892,19.73612796,1.944812253,11.44121019,2.9,19.88994135,7.612419355,15.92998534,1.78973607,11.29718456
pczp05,pczp05,-33.837,150.413,8.4,20.69298666,8.938604249,15.4153582,15.57337295,12.16499315,22.43130549,2.857979249,12.18396266,2.4,20.86172287,9.171664223,15.13984604,2.529912023,12.40706965
pczp06,pczp06,-33.421,150.309,4.8,19.32276433,8.227539526,15.69272233,15.85018355,11.3589443,23.33340564,2.845331028,11.39216407,1.4,19.18912757,7.868768328,15.71699413,2.550513196,11.0881511
pczv01,PicXB64850,-30.4385,153.0441,1.1,25.01922287,14.11817082,16.88957845,17.0177943,16.85283134,20.96334827,3.965762463,16.9371138,1,24.88043255,14.18630499,16.43120235,4.283577713,16.88231801
pczv02,PicXB64853,-30.23,153.02,0.7,24.09956378,12.90664956,16.8332368,16.89533101,16.19350305,22.21862199,4.072397361,16.29486325,0,24.19568915,12.78109971,17.31066716,3.81297654,16.31026356
pczv03,PicXB64857,-30.279,152.9907,0.6,23.6373607,12.21719208,16.38866935,16.52252613,15.36803277,24.38082838,4.178262463,15.45121825,0.6,23.54005865,12.28174487,15.80646628,4.502859238,15.447775
pczv04,pczv04,-31.743,152.563,2.4,23.01774927,12.36527493,16.17721041,16.26328211,15.6997762,23.24677678,3.206708211,15.69650514,1,22.82779326,12.36797654,16.06680352,3.469134897,15.55309375
pczv05,pczv05,-30.23,153.02,0.7,24.09956378,12.90664956,16.8332368,16.89533101,16.19350305,22.21862199,4.072397361,16.29486325,0.6,24.35087121,13.19165909,16.62736364,4.573257576,16.4770553
pind01,ANIC008997,-30.51667023,151.6667023,1.3,20.72497434,7.640674487,18.00052786,17.96731458,11.49413863,18.71734634,1.760153959,11.5286239,1.2,20.94796921,7.781048387,18.31721408,1.393695015,11.54729399
pind02,ANIC008999,-30.51667023,151.6667023,1.3,20.72497434,7.640674487,18.00052786,17.96731458,11.49413863,18.71734634,1.760153959,11.5286239,1.2,20.94796921,7.781048387,18.31721408,1.393695015,11.54729399
pind03,ANIC009000,-30.51667,151.6667,1.3,20.72497434,7.640674487,18.00052786,17.96731458,11.49413863,18.71734668,1.760153959,11.5286239,1.2,20.94796921,7.781048387,18.31721408,1.393695015,11.54729399
pind04,ANIC008950,-35.26667023,149.1000061,9.3,20.88425953,7.351854839,16.91674487,16.84208064,10.58788757,14.76908366,1.416019062,10.4710547,3.7,20.63237537,6.964794721,17.23085777,1.512390029,10.18960551
pind05,ANIC008943,-35.38334,149.0833,7.5,20.48729839,7.040766129,16.85731672,16.77332193,10.55677782,14.97744286,1.55058651,10.44691758,3,20.23557918,6.612624633,17.21054985,1.6021261,10.17342463
pind06,ANIC009007,-35.3,149.1333333,10.4,20.74210166,7.088179374,16.6654912,16.83269288,10.5651738,14.89002715,1.780083089,10.39384973,5.9,20.72167155,7.132512219,16.49702835,2.038123167,10.34916056
pind07,ANIC008968,-30.51667023,151.6667023,1.3,20.72497434,7.640674487,18.00052786,17.96731458,11.49413863,18.71734634,1.760153959,11.5286239,1.2,20.94796921,7.781048387,18.31721408,1.393695015,11.54729399
pind08,ANIC008967,-29.81666946,151.7333069,1.1,20.34597507,7.609332845,17.87954545,17.99882155,11.30679926,19.89036608,2.368035191,11.38924394,1.1,20.58508065,7.67494868,18.31384897,2.173753666,11.35130718
pine01,PicXB54424,-11.39,142.27,2,30.94305718,23.44234604,19.79672287,20.0300112,26.6216624,25.50122142,4.96356305,26.72019779,0.5,30.90409091,23.12654692,19.96054985,5.256231672,26.56666239
poro01,ANIC009078,-35.26667023,149.1000061,16.5,20.79949899,7.42933283,16.773429,16.84208064,10.58788757,14.76908366,1.579909366,10.51456187,3.7,20.63237537,6.964794721,17.23085777,1.512390029,10.18960551
poro02,ANIC009079,-35.26667023,149.1000061,16.5,20.79949899,7.42933283,16.773429,16.84208064,10.58788757,14.76908366,1.579909366,10.51456187,5.6,21.1361437,7.738914956,16.60263196,1.319648094,10.75167852
poro03,ANIC009346,-29.11667,152.1667,4.6,22.47053122,9.303126888,17.33668933,17.45440144,12.87249315,22.61359876,2.536807654,12.95429322,0.6,22.3707478,9.504017595,16.90217742,2.668475073,13.06668125
poro04,ANIC009349,-27.93333,152.9333,9.2,26.80318983,13.49127392,17.85299094,18.15625373,16.37269452,19.70153457,2.425881168,16.48703201,2,26.69066716,13.76857771,17.15854106,3.526759531,16.84839228
poro05,ANIC009358,-28.55,151.8333,4.3,22.09529456,9.722819738,18.44164904,18.61613676,12.34211632,18.3457983,2.154028197,12.47711895,0.5,22.00783724,9.964244868,18.12179619,2.582331378,12.67599265
poro06,ANIC009359,-26.55,153.0833,2.9,25.87045569,16.70256546,18.16461229,18.44324228,18.5933366,20.12944187,5.089048338,18.68878314,0.6,25.81089443,16.93195015,17.56128299,5.468768328,19.06929301
poro07,ANIC009360,-26.55,153.0833,2.9,25.87045569,16.70256546,18.16461229,18.44324228,18.5933366,20.12944187,5.089048338,18.68878314,0.6,25.81089443,16.93195015,17.56128299,5.468768328,19.06929301
poro08,ANIC009240,-35.26667023,149.1000061,16.5,20.79949899,7.42933283,16.773429,16.84208064,10.58788757,14.76908366,1.579909366,10.51456187,7.2,20.6136254,7.599236334,16.45914791,1.939308682,10.60982998
poro09,ANIC009241,-35.31666667,149.1,15.5,20.72447801,7.24462907,16.76602887,16.80742368,10.62797108,15.00154992,1.808039611,10.55148387,4.5,20.78041056,7.106534702,16.83652004,1.543499511,10.50183848
poro10,ANIC009243,-37.95,147.1167,16.8,21.04017456,8.710151057,15.21730111,15.01661191,12.33011549,17.6493003,1.511094327,12.16898841,5.3,20.79029814,8.855498534,14.88663734,1.383088954,12.13111657
poro11,ANIC009244,-35.65,150.1333333,2.1,21.65030715,11.1506143,14.94588117,15.0091115,14.09946036,21.55662693,2.403927492,14.22417944,0.6,21.51939883,11.06612903,15.01771261,2.439296188,14.24030425
poro12,ANIC009247,-37.53333,148.2333,9.4,20.32691843,8.907162638,14.84866062,14.67341277,11.96512712,21.09465572,2.073766365,11.81730935,2.5,20.30357038,8.515469208,15.40846041,1.569721408,11.49859596
poro13,ANIC009639,-30.51667,151.65,1.9,20.40322591,7.249714669,18.2666482,18.00184628,11.42992934,19.08510307,1.36878147,11.37401999,1.9,20.4477175,7.419100684,18.05039589,1.426979472,11.48367595
poro14,ANIC009641,-30.51667,151.65,1.9,20.40322591,7.249714669,18.2666482,18.00184628,11.42992934,19.08510307,1.36878147,11.37401999,1.9,20.4477175,7.419100684,18.05039589,1.426979472,11.48367595
poro15,ANIC009644,-17.45000076,145.3,1.1,26.18486657,15.60014099,20.18450403,20.22442384,17.80073889,23.10910859,2.522255791,18.00227306,0.4,26.23969208,15.69804985,20.05516129,3.238416422,18.13995515
poro16,ANIC009199,-16.91667,145.7667,2.9,29.60134273,21.07963411,19.54423632,19.53453957,23.73728948,24.55399976,6.071802618,23.49907443,1.8,29.72624633,20.86924731,20.13031281,4.842033236,23.07187048
poro17,ANIC009200,-19.63333321,147.5,1.7,28.76051863,19.02889225,20.4906999,21.27846068,21.49934404,13.49776921,3.114048338,21.1955935,1,28.64306452,19.08322581,20.51129032,2.709677419,21.13452639
prsi01,ANIC010038,-28.66666985,153.2832947,4,25.02687361,13.8711105,16.95332779,17.16438527,17.22826154,23.16598233,4.700314117,17.46892964,1.2,25.21169697,14.06270455,17.39840152,3.589545455,17.56116856
prsi02,ANIC010037,-28.61666667,153.3833333,2.3,24.61078714,14.34141722,16.5601238,16.7920825,16.88151238,25.1375194,5.355155211,17.13143556,0.6,24.79569697,14.52607576,16.984,3.905984848,17.23975985
prsi03,ANIC010039,-30.38333,152.9833,2,24.3272912,13.05723023,16.20577421,16.49310665,15.84364625,23.88034878,4.932280118,16.04463009,0.6,24.49963636,13.2010303,16.17510606,4.679166667,16.10957273
prsi04,ANIC010040,-30.38333,152.9833,2,24.3272912,13.05723023,16.20577421,16.49310665,15.84364625,23.88034878,4.932280118,16.04463009,0.6,24.49963636,13.2010303,16.17510606,4.679166667,16.10957273
prsi05,ANIC010045,-28.81666667,153.2666667,8.1,25.91262749,14.29832409,17.22908721,17.44060976,17.44603519,21.72417665,4.125905395,17.67105852,1.4,25.76077713,14.29966276,16.99206012,4.970014663,17.8116283
prsi06,ANIC010043,-28.2,153.1833,0.7,21.76523466,12.74902439,16.78320769,17.02467708,14.39264239,24.81904605,5.096692535,14.6620956,0.1,21.57325513,12.90718475,15.92884897,7.142741935,14.81943199
psqz01,PicXB65066,-33.567192,151.180547,2.9,22.82741935,12.13225806,15.58785924,15.86446117,14.73127875,20.70897743,2.678592375,14.56159926,3.1,23.78450147,12.62782991,15.76052786,3.397800587,14.80557038
psqz02,PicXB65069,-33.567192,151.180547,2.9,22.82741935,12.13225806,15.58785924,15.86446117,14.73127875,20.70897743,2.678592375,14.56159926,2.9,22.82741935,12.13225806,15.58785924,2.678592375,14.56159926
psqz03,PicXB65074,-33.567192,151.180547,2.9,22.82741935,12.13225806,15.58785924,15.86446117,14.73127875,20.70897743,2.678592375,14.56159926,3.1,23.78450147,12.62782991,15.76052786,3.397800587,14.80557038
punc01,ANIC010186,-19.08333,146.3333,2.1,26.94891057,17.98231225,18.98997283,19.05586486,19.88925414,24.95428723,4.036561265,20.1483316,1.2,26.86662023,17.95262463,19.31442815,2.827052786,19.74966386
punc02,ANIC010200,-16.8,145.6333333,2.1,28.10520751,19.54893528,19.5277915,19.70908537,22.33346558,23.95308249,6.240686759,22.47866135,0.7,28.17697727,19.49175,19.49336364,6.274393939,22.50218258
pvul01,ANIC008611,-19.6,146.8333333,9.2,29.79703812,19.57018328,20.23597141,20.31382591,20.29278305,18.58833473,2.018914956,20.49067309,3.5,29.76096041,19.80806452,19.77829179,2.351906158,20.84503566
pvul02,ANIC008607,-19.63333321,147.5,1.1,28.73793255,18.96431818,20.76030059,21.27846068,21.49934404,13.49776921,2.251832845,20.91139574,1,28.64306452,19.08322581,20.51129032,2.709677419,21.13452639
pvul03,ANIC008742,-21.15,149.1833333,1.3,27.46997067,19.01762097,20.05944648,20.26078895,22.2731152,18.62075854,6.121884164,22.45303194,0.5,27.44587243,18.97510264,20.47340176,3.698387097,22.20739699
pvul04,ANIC008709,-16.91667,145.7667,1.9,29.70721896,21.00326979,19.79782014,19.53453957,23.73728948,24.55399976,5.580645161,23.31734557,1.8,29.72624633,20.86924731,20.13031281,4.842033236,23.07187048
pvul05,ANIC008650,-19.6,146.8333333,9.2,29.79703812,19.57018328,20.23597141,20.31382591,20.29278305,18.58833473,2.018914956,20.49067309,5.7,29.83311584,19.33230205,20.69365103,1.685923754,20.13734971
pvul06,ANIC008651,-19.51667,147.1,3.8,29.48344086,20.20870479,20.14325024,19.96395056,21.33425627,19.83793761,2.719965787,21.43188167,1.5,29.41088465,20.29364125,19.95212121,2.962805474,21.57135784
rayn01,PicXB33977,-16.31,145.04,0,24.92117573,16.27853223,20.46298087,20.48759333,18.94738969,22.67375302,5.393378651,19.08370464,0,25.07572727,16.26684848,20.32666667,5.532045455,19.05603485
rayn02,PicXB33994,-16.41,145.2,0,23.76485901,15.67232125,19.25073515,19.35998569,18.254845,26.75575318,7.356168177,18.39912261,0,23.43285924,15.56158358,18.54975806,8.285997067,18.34410667
rayn03,PicXB34002,-16.41,145.2,0,23.76485901,15.67232125,19.25073515,19.35998569,18.254845,26.75575318,7.356168177,18.39912261,0,23.64833578,15.58777126,19.42964809,6.059897361,18.23400733
rayn04,rayn04,-28.04,145.41,102.6,29.47129154,15.09661883,20.41512588,20.37696491,11.83725398,8.17520902,0.70621853,11.87187122,37.1,29.40877566,14.89832845,20.3866129,0.562390029,11.68627463
rayn05,rayn05,-28.04,145.41,102.6,29.47129154,15.09661883,20.41512588,20.37696491,11.83725398,8.17520902,0.70621853,11.87187122,37.1,29.40877566,14.89832845,20.3866129,0.562390029,11.68627463
repa01,PicXB44142,-30.39232,152.992623,2.7,24.41053585,12.87221729,16.51338322,16.49310665,15.84364625,23.8681047,4.378861789,15.78995932,0.6,24.49963636,13.2010303,16.17510606,4.679166667,16.10957273
repa02,PicXB44146,-35.273657,149.09899,16.1,20.59493902,7.434946415,16.84260163,16.84849303,10.60777461,14.75689241,1.75210643,10.48234662,3.5,20.57494868,7.108585044,17.26031525,1.551832845,10.21219485
repa03,repa03,-26.56,153.08,3.9,25.9155303,16.49039911,18.28573171,18.42057554,18.63460683,20.23532113,4.227512934,18.68821662,0.6,25.74878299,16.82489736,17.53889296,5.477199413,19.11718529
reps01,PicXB44136,-33.399048,151.086442,6.8,23.38932918,11.93454179,15.66380499,15.81060416,14.27499166,21.36637293,2.54409824,14.26374156,3.7,23.32796212,12.06569697,15.73093939,3.169015152,14.45966477
reps02,PicXB44139,-32.791273,150.9181116,11.8,23.41811217,10.46130865,16.19158358,16.28097872,13.22934021,20.7201014,1.996370968,13.23994604,6,23.54027126,10.74414223,16.13504399,1.830278592,13.50752493
reps03,reps03,-33.546,150.895,13.9,24.60672654,11.9728849,15.85357038,15.92399141,14.41908641,20.55613165,2.041788856,14.40403175,6.6,24.46315982,11.71983871,16.16036657,1.918181818,14.10611949
rept01,PicXB44127,-35.319838,148.953996,14.9,20.78774924,7.824295065,16.60639476,16.66148581,10.45190198,15.78952051,1.792396777,10.38037286,3.3,20.62093109,7.320938416,17.10733871,1.633504399,10.06538529
rept02,PicXB44130,-35.526563,148.843618,2.5,16.69279204,4.411593656,16.25210725,16.26804443,9.115204879,18.65726684,2.720015106,9.027932082,1.1,16.44594855,4.530337621,15.69992765,3.342604502,9.127875
rept03,PicXB44133,-35.303871,148.894536,10,19.28114804,6.68168429,16.43060675,16.5134389,10.25031292,16.57976295,2.334214502,10.17533342,3.5,19.64426686,7.033409091,16.46387097,1.969061584,10.39046114
rina01,ANIC010272,-30.06666667,153.2,1.6,28.05653162,18.57655138,22.7684585,17.30479094,17.19998581,27.18830875,4.822826087,20.95208309,0.4,27.88703812,18.67627566,22.34372434,5.190322581,20.89209853
rina02,ANIC010273,-30.38333,153.0333,1.3,24.63389822,13.81022233,16.55446146,16.75770533,16.43412108,22.24142584,4.237895257,16.57697045,0.8,24.45104839,13.80017595,16.12113636,4.42829912,16.47991618
rina03,ANIC010275,-28.58333,151.8,5,22.35500988,9.68701087,18.56085968,18.68594761,12.5217692,18.00797611,2.030212451,12.72679105,2.6,22.52621701,9.539435484,19.01428152,1.666715543,12.51541532
rina04,ANIC010276,-28.58333,151.8,5,22.35500988,9.68701087,18.56085968,18.68594761,12.5217692,18.00797611,2.030212451,12.72679105,2.6,22.52621701,9.539435484,19.01428152,1.666715543,12.51541532
roci01,ANIC010586,-18.98332977,146.1499939,0.4,25.32731118,16.61865055,19.38351208,19.44337917,18.37532633,23.4604777,3.979405841,18.53721333,0.4,25.3322654,16.57233138,19.70274927,3.227419355,18.25567999
roci02,ANIC010614,-19,146.1999969,0.9,25.97075864,16.71541121,18.64561598,18.59968309,18.37525259,27.15975944,3.177643505,18.06551983,0.5,26.0497654,16.52376344,19.2459433,2.740957967,17.4837825
roci03,ANIC010521,-17.48332977,145.4833069,0,24.81959718,15.24224824,19.49538016,19.57231458,17.66528373,25.62421724,4.153323263,17.88617893,0,24.47081378,15.0678739,18.79866569,4.065762463,17.93153812
roci04,ANIC010613,-19,146.1999969,0.9,25.97075864,16.71541121,18.64561598,18.59968309,18.37525259,27.15975944,3.177643505,18.06551983,0.5,26.0497654,16.52376344,19.2459433,2.740957967,17.4837825
rose01,PicXB13662,-11.153309,132.1416199,0.1,31.94084948,25.53833085,20.41913562,21.75455202,27.78568982,20.04470256,5.726080477,31.89939866,0,31.76131833,25.80315113,20.57903537,8.609324759,33.25486174
rose02,PicXB13665,-16.08,136.06,119.1,34.34011177,20.25179583,21.8621237,21.95634209,19.55453221,15.66187343,3.661438152,19.69709463,58.9,34.46640909,20.42016667,21.94631818,3.742348485,19.74798447
rose03,PicXB13668,-12.436744,131.070062,55.3,33.40361401,22.27755216,20.89187407,21.2827439,24.69481012,20.61715163,5.712891207,24.51817344,26.5,33.43251466,22.70472141,21.02732405,5.025733138,25.42293475
rose04,PicXB44119,-16.08,136.06,119.1,34.34011177,20.25179583,21.8621237,21.95634209,19.55453221,15.66187343,3.661438152,19.69709463,58.9,34.46640909,20.42016667,21.94631818,3.742348485,19.74798447
rubi01,ANIC010645,-30.38333,151.9333,0.1,19.5577566,7.420597507,17.50734971,17.53908599,11.67739224,20.61968894,1.751612903,11.72679589,0,19.33015396,7.247060117,17.06183284,2.124120235,11.707475
rubi02,ANIC010646,-30.38333,151.9333,0.1,19.5577566,7.420597507,17.50734971,17.53908599,11.67739224,20.61968894,1.751612903,11.72679589,0,19.33015396,7.247060117,17.06183284,2.124120235,11.707475
rubi03,ANIC010946,-37.3,146.1333,11.6,19.61402248,7.128922287,15.9223998,15.7138593,11.1053191,16.40840117,2.657966764,10.93241165,4.4,19.76284946,7.068255132,16.19064027,2.653519062,10.93542083
rubi04,ANIC010947,-37.3,146.1333,11.6,19.61402248,7.128922287,15.9223998,15.7138593,11.1053191,16.40840117,2.657966764,10.93241165,4.4,19.76284946,7.068255132,16.19064027,2.653519062,10.93542083
rubi05,ANIC010951,-35.33333333,149.3333333,5.8,19.48152493,5.977430352,16.70899194,16.66060976,10.07652041,15.495666,1.510080645,9.955062775,2.3,19.27994135,5.579347507,16.95416422,1.589369501,9.684855515
rubi06,ANIC010953,-35.33333333,149.3333333,5.8,19.48152493,5.977430352,16.70899194,16.66060976,10.07652041,15.495666,1.510080645,9.955062775,2.3,19.27994135,5.579347507,16.95416422,1.589369501,9.684855515
rugo01,ANIC010744,-34.05,151.15,3,22.70002933,13.8448827,16.06412757,16.08478223,14.50487142,18.75659173,2.471334311,14.4811428,2,22.77695748,14.04533724,15.90190616,2.594061584,14.71676063
rugo02,ANIC010749,-35.55,149.95,2.8,19.95360948,7.898746334,14.87735826,14.97000539,11.88091082,23.51809049,2.257038123,11.71362763,1.5,19.87908113,7.902033236,14.84538123,1.826783969,11.80538382
rugo03,ANIC010747,-35.55,149.95,2.8,19.95360948,7.898746334,14.87735826,14.97000539,11.88091082,23.51809049,2.257038123,11.71362763,1.5,19.87908113,7.902033236,14.84538123,1.826783969,11.80538382
saul01,PicXB65077,-37.792826,146.9307777,11.4,20.36659366,8.015088117,14.82429003,14.77531421,11.89479151,19.92651125,1.701863041,11.77337172,3.2,19.97776515,8.046719697,14.74529545,1.930227273,11.90777538
saul02,PicXB65082,-41.894191,147.642569,0.7,16.01970796,4.591188318,14.4471576,14.09783661,9.964502676,14.74005097,1.613494461,9.864167969,0,15.98997067,4.749464809,14.20739003,1.768621701,9.993854839
smgg01,ANIC010794,-17.58333,145.9833,3.8,28.58149457,20.37887846,18.95032115,19.09743405,23.84352057,24.60704622,9.790909091,24.02580317,0.4,28.62198485,20.24321212,18.87747727,10.16863636,24.05088598
smgg02,ANIC010857,-17.46667,146.0333,3.5,28.51484931,20.74437994,19.24988883,19.3991395,24.01449315,24.25626775,10.51086957,24.19408581,0.4,28.55586364,20.6095303,19.25330303,10.29113636,24.20959697
smgg03,ANIC010862,-17.53333,146.0167,3.4,28.49881423,20.64813982,19.23789526,19.38849614,24.26347704,23.03917952,9.945948617,24.4449409,0.3,28.54067424,20.51184091,19.24617424,9.977121212,24.46299583
smgg04,ANIC010863,-16.91667,145.7667,3.4,29.73692029,21.01189723,19.88627141,19.53453957,23.73728948,24.55399976,5.309749671,23.36829937,1.8,29.72624633,20.86924731,20.13031281,4.842033236,23.07187048
smgp01,ANIC010755,-16.91667,145.7667,3.4,29.73692029,21.01189723,19.88627141,19.53453957,23.73728948,24.55399976,5.309749671,23.36829937,1.8,29.72624633,20.86924731,20.13031281,4.842033236,23.07187048
smgr01,ANIC010756,-16.91667,145.7667,3.4,29.73692029,21.01189723,19.88627141,19.53453957,23.73728948,24.55399976,5.309749671,23.36829937,1.8,29.72624633,20.86924731,20.13031281,4.842033236,23.07187048
sqzb01,PicXB64875,-35.58,150.09,2.6,21.04103726,9.782857503,14.93187059,14.8606838,13.34707347,22.5941333,2.255991944,13.26768082,1.5,21.12628299,10.02192815,14.60542522,2.18159824,13.55845748
sqzb02,PicXB64879,-35.58,150.09,2.6,21.04103726,9.782857503,14.93187059,14.8606838,13.34707347,22.5941333,2.255991944,13.26768082,1.5,21.12628299,10.02192815,14.60542522,2.18159824,13.55845748
sqzc01,PicXB64883,-28.591813,152.499561,5.9,23.93767962,11.20295455,17.14380132,17.40197673,14.25684958,22.85730356,2.798313783,14.41175,4.1,24.11953079,11.00866569,17.63299853,2.127639296,14.23316642
sqzc02,PicXB64886,-27.545122,151.988168,4.9,24.61735337,12.08591642,18.39955279,18.70417558,13.87056572,18.59590026,2.651136364,14.18533113,3.2,24.82062121,12.09974242,18.68165152,2.498863636,14.22025303
sqzc03,PicXB64889,-28.196645,153.186868,0.5,23.11127933,13.22109604,17.13106305,17.42782354,15.29484759,23.0256705,4.40590176,15.44369402,0.1,22.94240469,13.40834311,16.37716276,6.031964809,15.73403603
sqzm01,PicXB64894,-16.53674,145.353893,1.4,28.28799853,20.02922287,19.05179252,19.07048469,21.98411336,26.8289635,5.581524927,22.11520062,1.3,28.20326979,19.91566716,19.29106305,4.249046921,21.91491276
sqzm02,PicXB64898,-16.3,145.16,0.2,26.39528226,18.346261,19.57634897,19.74877302,20.90462142,25.41549403,5.671334311,21.0461964,0.2,26.32346774,18.22406891,19.88113636,4.726979472,20.87142449
tars01,ANIC011524,-30.38333,153.0333,3.1,24.5947997,13.77317649,16.60356765,16.75770533,16.43412108,22.24142584,4.003779289,16.51956269,0,24.69809384,13.65619501,17.10953812,3.785043988,16.55737793
tars02,ANIC011518,-30.38333,153.0333,3.1,24.5947997,13.77317649,16.60356765,16.75770533,16.43412108,22.24142584,4.003779289,16.51956269,0,24.69809384,13.65619501,17.10953812,3.785043988,16.55737793
tars03,ANIC011508,-31.13333,149.55,43.6,24.29126039,10.36565193,18.45224301,18.5026767,11.60836426,14.24571748,1.743499622,11.74162547,10.3,24.27237121,10.43760606,18.31815152,1.793333333,11.98083674
tars04,ANIC011459,-35.38334,148.8667,10.8,18.94484694,6.312222222,16.39342215,16.47525386,9.783235561,17.02951597,2.492705971,9.739708018,2.8,19.48172727,6.655325758,16.41118182,2.375454545,10.00945114
tars05,ANIC011535,-30.98333333,151.5833333,1.6,19.57181217,6.409982993,17.59402683,17.71837357,12.13000345,19.24103487,2.037112623,12.22036233,0.3,19.29118971,6.353601286,17.49517685,2.118488746,12.14992605
tars06,ANIC011492,-34.96666667,149.0333333,22.6,20.75556122,7.839429327,16.99609977,17.04145222,10.97545535,14.42283452,1.752210884,10.94800227,8.2,20.58119775,7.98005627,16.66191318,2.055466238,10.98519855
velu01,ANIC011247,-35.26667,149.15,13.8,20.7455303,7.296007905,16.96093215,16.83764725,10.55909756,14.92954147,1.640052701,10.56618472,3.4,20.63628788,7.315308081,16.81230808,1.556818182,10.57773359
velu02,ANIC011270,-27.93333,152.9333,7.1,26.868708,13.67107213,17.77010128,18.15625373,16.37269452,19.70153457,2.67541996,16.78496081,2,26.69066716,13.76857771,17.15854106,3.526759531,16.84839228
velu03,ANIC011243,-35.26667023,149.1000061,7.8,20.67748518,7.40492836,16.99104002,16.84208064,10.58788757,14.76908366,1.524975296,10.5527003,3.7,20.62712879,7.542893939,16.88354545,1.797045455,10.67457045
velu04,ANIC002879,-31.33333333,138.6,92,25.41638999,11.62125165,19.62517951,19.33410984,9.080628993,7.759350313,0.842819499,8.891594955,28.7,25.30041919,11.43933838,19.82556566,0.828131313,8.891009343
velu05,ANIC002877,-31.53333,138.6,58.3,23.47858202,9.985019763,19.4445998,19.1292936,8.500519023,9.083415955,1.067325428,8.297750495,17.9,23.35521717,9.796292929,19.66517172,1.032878788,8.285653535
vrdi02,ANIC011299,-22.86667,150.6167,0,26.36583745,18.28644516,18.41290761,18.5832286,19.06275912,23.37405543,4.662549407,19.25945438,0,26.48647727,18.23075758,18.50875,5.243181818,19.25203788
vrdi03,ANIC011292,-33.95,151.2333,6.8,22.92791502,13.97029051,16.37061265,16.31532703,14.74199544,17.70795555,3.171047431,14.68877992,1,22.98836364,13.91221701,16.86590029,2.762580645,14.50979559
xyle01,PicXB64901,-29.542972,152.380253,2.6,21.68719862,9.055059289,16.34646245,16.74213166,12.82058137,24.82204808,3.405360672,12.90056102,0.3,21.70797654,9.126744868,16.61339443,3.343695015,13.07309421
xyle02,PicXB64904,-38.131172,145.165666,5.7,19.95040267,10.62303854,14.7434585,14.85644039,12.44689239,17.7237932,2.149431818,12.53331769,1.7,19.9702566,10.5880132,15.14622434,1.949266862,12.38439443
xyle04,PicXB64910,-30.476706,152.660272,4.1,24.57584733,11.76791255,15.99445405,16.37946802,15.31183778,25.2435483,4.800024704,15.41974197,1.8,24.85745455,11.92472727,16.15421212,4.481212121,15.57362803
xyle05,PicXB64913,-37.738261,149.500614,0.7,19.5398419,11.84281621,14.55699275,14.72040153,13.5507996,19.75765624,2.869334651,13.50898155,0.7,19.81717172,12.03053535,14.99733333,2.633434343,13.55070202
xyle06,PicXB64916,-35.32,148.46,0.6,18.4347999,6.081215415,16.33478508,16.48181185,10.02062155,17.06906071,3.734856719,10.06855534,2.5,18.63010606,6.170568182,16.48387879,3.143636364,10.06374583
xyle07,xyle07,-31.45,152.74,1.1,23.45623271,12.68451581,16.36947628,16.77196055,16.17926537,21.01958798,4.3055583,16.34053557,0.8,23.83217742,12.51532258,16.95638563,2.649926686,16.31382515
xyle08,xyle08,-30.52,152.38,0.2,19.00645504,8.050822628,15.97452816,16.39006222,11.87351718,24.84305897,4.606225296,11.97601359,0.1,19.06195748,8.02563783,15.74280792,3.836876833,11.86909485
xyle09,xyle09,-33.725,151.203,4.9,22.72285573,13.26467391,15.53100296,15.84001991,14.60514765,20.51150697,4.05,14.7990688,2.8,23.06970674,13.34925953,15.5729912,2.92170088,14.81672947
xyls01,PicXB64919,-35.529941,148.77257,0,16.1734165,4.139940711,16.19126729,16.29131471,8.843314071,18.99929347,3.649678854,8.914210721,0,16.52508798,4.323797654,16.53831378,2.496847507,8.998046921
xyls02,PicXB64922,-35.5766,148.779885,0,15.47592638,3.721581028,16.16597826,16.25822486,8.792732854,19.12785515,3.649333004,8.861520504,0.2,15.63073485,3.765310606,16.16210606,3.019621212,8.876156061
xyls03,PicXB64925,-35.5766,148.779885,0,15.47592638,3.721581028,16.16597826,16.25822486,8.792732854,19.12785515,3.649333004,8.861520504,0.2,15.63073485,3.765310606,16.16210606,3.019621212,8.876156061
